,ID,time_running,time_left (hours),%finished,step,host,args/n_steps,args/model_n_active,args/expansion_rate,sys/state,time_left (d)
0,LLMRANDOM-16074,5.6,39.810314628608495,12.332,6166.0,164-152-24-115,50000,679,8,Active,1.66
1,LLMRANDOM-16073,20.32,24.021640116964168,45.826,22913.0,login01,50000,679,8,Active,1.0
2,LLMRANDOM-16028,40.89,18.909935651817836,68.378,34189.0,4124gs0,50000,679,8,Active,0.79
3,LLMRANDOM-16020,50.97,0.0,100.0,50000.0,164-152-24-115,50000,679,8,Inactive,0.0
4,LLMRANDOM-16005,64.55,0.0,100.0,50000.0,login01,50000,679,8,Inactive,0.0
5,LLMRANDOM-15082,141.84,0.0,100.0,50000.0,164-152-24-115,50000,679,8,Inactive,0.0
6,LLMRANDOM-14973,166.66,0.0,100.0,50000.0,4124gs0,50000,679,8,Inactive,0.0
