,ID,time_running,time_left (hours),%finished,step,host,args/n_steps,args/model_n_active,args/expansion_rate,sys/state,time_left (d)
0,LLMRANDOM-16028,2.28,63.01209621993126,3.492,1746.0,4124gs0,50000,679,8,Active,2.63
1,LLMRANDOM-16020,12.37,32.94135531135531,27.3,13650.0,164-152-24-115,50000,679,8,Active,1.37
2,LLMRANDOM-16005,25.94,18.367040617634,58.546,29273.0,login01,50000,679,8,Active,0.77
3,LLMRANDOM-15082,103.23,0.0,100.0,50000.0,164-152-24-115,50000,679,8,Inactive,0.0
4,LLMRANDOM-14973,128.05,0.0,100.0,50000.0,4124gs0,50000,679,8,Inactive,0.0
